LEA ,County,School_District,2022_RE_VAL,2022_PP_VAL,2022_UTIL_VAL,2022_TOTAL_VAL,2021_TOTAL_VAL,PCT_CHG_21_22,2022_OP_MILLS,2022_DEBT_SVC_MILLS,2022_TOTAL_MILLS
0101000,ARKANSAS,DEWITT," 127,697,786 "," 42,837,710 "," 24,536,610 "," 195,072,106 "," 186,677,325 ",4%,25.00,13.00,38.00
0104000,ARKANSAS,STUTTGART," 140,321,445 "," 86,644,935 "," 16,671,455 "," 243,637,835 "," 234,241,960 ",4%,27.50,9.40,36.90
0201000,ASHLEY,CROSSETT," 100,421,667 "," 116,996,045 "," 11,649,530 "," 229,067,242 "," 226,059,989 ",1%,26.00,13.97,39.97
0203000,ASHLEY,HAMBURG," 78,974,641 "," 41,961,333 "," 22,004,640 "," 142,940,614 "," 136,034,555 ",5%,25.00,14.50,39.50
0302000,BAXTER,COTTER," 56,907,274 "," 11,435,140 "," 3,702,190 "," 72,044,604 "," 64,717,654 ",11%,25.00,7.67,32.67
0303000,BAXTER,MOUNTAIN HOME," 551,587,317 "," 171,793,720 "," 37,840,895 "," 761,221,932 "," 699,500,273 ",9%,25.29,6.87,32.16
0304000,BAXTER,NORFORK," 64,137,951 "," 12,664,280 "," 5,937,380 "," 82,739,611 "," 75,566,726 ",9%,30.00,7.39,37.39
0401000,BENTON,BENTONVILLE," 2,521,578,694 "," 550,211,500 "," 56,989,940 "," 3,128,780,134 "," 2,805,974,500 ",12%,27.00,21.00,48.00
0402000,BENTON,DECATUR," 45,894,088 "," 15,787,210 "," 11,728,415 "," 73,409,713 "," 68,674,790 ",7%,25.00,17.50,42.50
0403000,BENTON,GENTRY," 127,409,290 "," 42,780,595 "," 61,395,115 "," 231,585,000 "," 210,672,100 ",10%,28.00,18.00,46.00
0404000,BENTON,GRAVETTE," 316,336,384 "," 66,293,560 "," 21,851,085 "," 404,481,029 "," 367,760,938 ",10%,25.80,13.76,39.56
0407000,BENTON,PEA RIDGE," 141,538,270 "," 38,485,235 "," 8,094,590 "," 188,118,095 "," 157,049,290 ",20%,25.00,22.20,47.20
0405000,BENTON,ROGERS," 2,084,712,262 "," 559,716,415 "," 75,844,610 "," 2,720,273,287 "," 2,495,360,601 ",9%,29.40,12.50,41.90
0406000,BENTON,SILOAM SPRINGS," 341,719,422 "," 106,365,869 "," 23,097,625 "," 471,182,916 "," 435,833,116 ",8%,25.00,19.90,44.90
0501000,BOONE,ALPENA," 26,036,005 "," 9,388,815 "," 3,924,910 "," 39,349,730 "," 35,570,867 ",11%,25.60,8.00,33.60
0502000,BOONE,BERGMAN," 50,989,165 "," 14,976,210 "," 3,143,475 "," 69,108,850 "," 64,264,973 ",8%,25.00,7.00,32.00
0503000,BOONE,HARRISON," 290,560,098 "," 94,792,970 "," 25,249,480 "," 410,602,548 "," 391,611,123 ",5%,25.00,14.20,39.20
0506000,BOONE,LEAD HILL," 34,118,765 "," 8,009,645 "," 3,538,860 "," 45,667,270 "," 42,435,110 ",8%,25.90,13.10,39.00
0504000,BOONE,OMAHA," 31,301,080 "," 9,173,335 "," 2,282,445 "," 42,756,860 "," 39,146,894 ",9%,25.00,13.10,38.10
0505000,BOONE,VALLEY SPRINGS," 48,747,660 "," 14,766,740 "," 4,919,035 "," 68,433,435 "," 64,292,100 ",6%,25.00,14.70,39.70
0601000,BRADLEY,HERMITAGE," 22,769,135 "," 8,436,820 "," 6,469,450 "," 37,675,405 "," 36,429,800 ",3%,25.00,16.50,41.50
0602000,BRADLEY,WARREN," 60,574,411 "," 33,342,805 "," 9,302,130 "," 103,219,346 "," 99,040,926 ",4%,25.00,16.50,41.50
0701000,CALHOUN,HAMPTON," 54,238,319 "," 46,100,500 "," 19,752,430 "," 120,091,249 "," 114,691,369 ",5%,30.00,6.70,36.70
0801000,CARROLL,BERRYVILLE," 115,177,057 "," 59,679,398 "," 84,696,140 "," 259,552,595 "," 188,851,914 ",37%,25.00,17.20,42.20
0802000,CARROLL,EUREKA SPRINGS," 233,124,987 "," 36,724,174 "," 11,044,090 "," 280,893,251 "," 251,962,452 ",11%,25.00,11.10,36.10
0803000,CARROLL,GREEN FOREST," 60,484,015 "," 31,170,994 "," 8,605,790 "," 100,260,799 "," 105,343,860 ",-5%,25.00,11.00,36.00
0901000,CHICOT,DERMOTT," 29,898,073 "," 8,823,800 "," 9,959,963 "," 48,681,836 "," 46,306,049 ",5%,25.00,16.81,41.81
0903000,CHICOT,LAKESIDE (CHICOT)," 101,867,698 "," 33,659,029 "," 6,599,030 "," 142,125,757 "," 153,470,436 ",-7%,29.00,7.00,36.00
1002000,CLARK,ARKADELPHIA," 150,767,316 "," 63,338,615 "," 30,684,350 "," 244,790,281 "," 230,896,805 ",6%,27.00,17.65,44.65
1003000,CLARK,GURDON," 29,276,478 "," 22,065,163 "," 20,568,930 "," 71,910,571 "," 67,814,974 ",6%,25.00,11.00,36.00
1101000,CLAY,CORNING," 74,433,351 "," 27,509,580 "," 35,245,640 "," 137,188,571 "," 130,248,807 ",5%,25.00,6.50,31.50
1104000,CLAY,PIGGOTT," 54,693,952 "," 19,725,360 "," 10,770,345 "," 85,189,657 "," 82,488,144 ",3%,25.00,10.44,35.44
1106000,CLAY,RECTOR," 41,478,379 "," 13,194,575 "," 7,514,225 "," 62,187,179 "," 60,208,468 ",3%,25.00,13.49,38.49
1201000,CLEBURNE,CONCORD," 51,662,943 "," 23,222,853 "," 4,790,381 "," 79,676,177 "," 71,859,759 ",11%,25.00,11.60,36.60
1202000,CLEBURNE,HEBER SPRINGS," 266,885,646 "," 76,212,576 "," 15,908,769 "," 359,006,991 "," 320,964,234 ",12%,25.00,7.80,32.80
1203000,CLEBURNE,QUITMAN," 88,478,387 "," 42,365,309 "," 12,175,922 "," 143,019,618 "," 130,314,158 ",10%,26.24,9.76,36.00
1204000,CLEBURNE,WEST SIDE (CLEBURNE)," 167,195,075 "," 33,340,166 "," 6,005,837 "," 206,541,078 "," 182,520,671 ",13%,29.94,3.66,33.60
1305000,CLEVELAND,CLEVELAND COUNTY," 40,768,639 "," 13,686,475 "," 15,546,975 "," 70,002,089 "," 69,507,414 ",1%,28.00,10.10,38.10
1304000,CLEVELAND,WOODLAWN," 24,771,912 "," 8,781,615 "," 1,377,880 "," 34,931,407 "," 33,906,666 ",3%,25.00,12.00,37.00
1408000,COLUMBIA,EMERSON-TAYLOR-BRADLEY," 64,068,445 "," 69,866,696 "," 16,432,254 "," 150,367,395 "," 143,762,216 ",5%,29.90,7.50,37.40
1402000,COLUMBIA,MAGNOLIA," 209,359,790 "," 85,478,975 "," 36,884,215 "," 331,722,980 "," 322,283,518 ",3%,25.00,8.00,33.00
1503000,CONWAY,NEMO VISTA," 41,583,939 "," 24,133,220 "," 12,814,220 "," 78,531,379 "," 76,566,356 ",3%,26.60,11.70,38.30
1507000,CONWAY,SOUTH CONWAY COUNTY," 169,011,907 "," 95,105,355 "," 37,954,220 "," 302,071,482 "," 275,144,733 ",10%,25.00,14.30,39.30
1505000,CONWAY,WONDERVIEW," 41,255,556 "," 25,091,335 "," 6,882,675 "," 73,229,566 "," 69,297,998 ",6%,28.00,11.20,39.20
1601000,CRAIGHEAD,BAY," 30,729,857 "," 13,846,300 "," 8,214,460 "," 52,790,617 "," 46,469,157 ",14%,25.00,16.70,41.70
1603000,CRAIGHEAD,BROOKLAND," 213,142,725 "," 51,161,790 "," 8,562,660 "," 272,867,175 "," 239,670,495 ",14%,25.00,13.53,38.53
1605000,CRAIGHEAD,BUFFALO IS CENTRAL," 48,767,436 "," 30,446,290 "," 8,512,435 "," 87,726,161 "," 83,527,586 ",5%,25.00,15.00,40.00
1608000,CRAIGHEAD,JONESBORO," 557,976,365 "," 138,847,725 "," 30,754,925 "," 727,579,015 "," 665,678,660 ",9%,25.40,7.70,33.10
1611000,CRAIGHEAD,NETTLETON," 527,887,156 "," 236,411,020 "," 21,076,640 "," 785,374,816 "," 690,265,655 ",14%,25.98,12.60,38.58
1613000,CRAIGHEAD,RIVERSIDE," 40,507,639 "," 16,612,055 "," 6,037,285 "," 63,156,979 "," 57,991,648 ",9%,25.00,15.89,40.89
1612000,CRAIGHEAD,VALLEY VIEW," 262,709,409 "," 72,204,770 "," 10,566,085 "," 345,480,264 "," 309,791,760 ",12%,25.00,17.50,42.50
1602000,CRAIGHEAD,WESTSIDE CONS(CRAIGH," 119,060,650 "," 38,243,875 "," 16,902,955 "," 174,207,480 "," 158,716,428 ",10%,26.00,9.42,35.42
1701000,CRAWFORD,ALMA," 161,850,684 "," 57,117,767 "," 14,764,658 "," 233,733,109 "," 222,027,162 ",5%,25.00,17.40,42.40
1702000,CRAWFORD,CEDARVILLE," 38,304,641 "," 14,430,501 "," 5,505,772 "," 58,240,914 "," 54,801,556 ",6%,25.00,11.00,36.00
1703000,CRAWFORD,MOUNTAINBURG," 31,058,352 "," 12,421,138 "," 6,430,559 "," 49,910,049 "," 47,387,380 ",5%,25.00,19.00,44.00
1704000,CRAWFORD,MULBERRY/PLEASANT VIEW BI-COUNTY SCHOOLS," 34,856,573 "," 13,600,764 "," 15,744,638 "," 64,201,975 "," 60,844,941 ",6%,25.00,14.90,39.90
1705000,CRAWFORD,VAN BUREN," 336,851,161 "," 130,283,604 "," 51,362,779 "," 518,497,544 "," 493,198,274 ",5%,28.00,14.60,42.60
1802000,CRITTENDEN,EARLE," 24,526,834 "," 6,828,680 "," 6,318,060 "," 37,673,574 "," 35,233,219 ",7%,25.00,29.80,54.80
1804000,CRITTENDEN,MARION," 312,327,534 "," 107,141,850 "," 56,078,110 "," 475,547,494 "," 452,302,631 ",5%,25.00,20.70,45.70
1803000,CRITTENDEN,WEST MEMPHIS," 269,571,904 "," 117,135,295 "," 37,656,750 "," 424,363,949 "," 390,909,922 ",9%,27.00,9.50,36.50
1901000,CROSS,CROSS COUNTY," 48,331,008 "," 13,491,310 "," 13,613,815 "," 75,436,133 "," 71,275,315 ",6%,26.30,13.60,39.90
1905000,CROSS,WYNNE," 151,228,435 "," 60,217,630 "," 30,288,760 "," 241,734,825 "," 232,366,515 ",4%,25.00,10.00,35.00
2002000,DALLAS,FORDYCE," 39,304,195 "," 21,504,325 "," 8,036,970 "," 68,845,490 "," 66,117,865 ",4%,25.00,13.50,38.50
2104000,DESHA,DUMAS," 78,225,239 "," 39,016,204 "," 16,576,665 "," 133,818,108 "," 125,722,526 ",6%,28.00,14.00,42.00
2105000,DESHA,MCGEHEE," 79,488,278 "," 49,038,385 "," 43,617,058 "," 172,143,721 "," 160,312,034 ",7%,31.00,9.46,40.46
2202000,DREW,DREW CENTRAL," 59,145,338 "," 24,998,433 "," 14,406,113 "," 98,549,884 "," 96,957,745 ",2%,25.00,14.90,39.90
2203000,DREW,MONTICELLO," 107,623,159 "," 45,731,634 "," 11,910,300 "," 165,265,093 "," 162,221,869 ",2%,25.00,14.90,39.90
2301000,FAULKNER,CONWAY," 1,150,384,651 "," 299,289,510 "," 30,165,695 "," 1,479,839,856 "," 1,399,289,478 ",6%,25.00,13.10,38.10
2303000,FAULKNER,GREENBRIER," 246,298,759 "," 76,586,030 "," 12,060,978 "," 334,945,767 "," 303,473,161 ",10%,25.00,15.90,40.90
2304000,FAULKNER,GUY-PERKINS," 30,235,740 "," 13,278,790 "," 8,212,721 "," 51,727,251 "," 49,979,228 ",3%,27.50,14.50,42.00
2305000,FAULKNER,MAYFLOWER," 73,949,715 "," 22,926,940 "," 11,832,989 "," 108,709,644 "," 100,703,275 ",8%,25.00,15.50,40.50
2306000,FAULKNER,MT VERNON/ENOLA," 33,912,480 "," 15,462,955 "," 5,640,726 "," 55,016,161 "," 51,451,943 ",7%,25.49,16.01,41.50
2307000,FAULKNER,VILONIA," 184,732,979 "," 51,578,670 "," 7,338,590 "," 243,650,239 "," 224,449,036 ",9%,25.00,14.90,39.90
2402000,FRANKLIN,CHARLESTON," 49,721,693 "," 18,343,786 "," 6,608,439 "," 74,673,918 "," 69,069,495 ",8%,25.00,12.50,37.50
2403000,FRANKLIN,COUNTY LINE," 33,227,252 "," 15,830,677 "," 14,685,617 "," 63,743,546 "," 58,916,081 ",8%,25.00,11.10,36.10
2404000,FRANKLIN,OZARK," 98,846,441 "," 55,777,541 "," 61,166,565 "," 215,790,547 "," 210,282,977 ",3%,25.00,13.50,38.50
2501000,FULTON,MAMMOTH SPRING," 35,409,437 "," 7,899,775 "," 8,176,908 "," 51,486,120 "," 48,440,441 ",6%,30.00,5.00,35.00
2502000,FULTON,SALEM," 39,717,685 "," 13,523,225 "," 8,149,185 "," 61,390,095 "," 57,489,380 ",7%,31.50,0.00,31.50
2503000,FULTON,VIOLA," 38,820,911 "," 9,759,845 "," 4,245,985 "," 52,826,741 "," 49,033,731 ",8%,25.00,15.62,40.62
2601000,GARLAND,CUTTER-MORNING STAR," 38,065,953 "," 14,059,124 "," 6,604,819 "," 58,729,896 "," 49,760,077 ",18%,25.00,23.60,48.60
2602000,GARLAND,FOUNTAIN LAKE," 384,553,196 "," 73,214,080 "," 13,391,077 "," 471,158,353 "," 426,308,999 ",11%,27.05,7.75,34.80
2603000,GARLAND,HOT SPRINGS," 616,889,785 "," 126,653,396 "," 30,920,424 "," 774,463,605 "," 679,031,607 ",14%,26.84,14.76,41.60
2604000,GARLAND,JESSIEVILLE," 116,740,266 "," 28,349,474 "," 6,485,800 "," 151,575,540 "," 136,808,424 ",11%,29.70,9.00,38.70
2605000,GARLAND,LAKE HAMILTON," 446,840,966 "," 101,291,873 "," 11,338,784 "," 559,471,623 "," 492,291,812 ",14%,25.00,15.20,40.20
2606000,GARLAND,LAKESIDE (GARLAND)," 501,210,979 "," 86,724,239 "," 14,805,868 "," 602,741,086 "," 533,709,771 ",13%,25.00,16.30,41.30
2607000,GARLAND,MOUNTAIN PINE," 44,053,318 "," 21,996,525 "," 3,964,326 "," 70,014,169 "," 63,353,495 ",11%,25.00,14.90,39.90
2703000,GRANT,POYEN," 10,543,934 "," 4,017,316 "," 2,506,877 "," 17,068,127 "," 15,899,256 ",7%,25.00,21.70,46.70
2705000,GRANT,SHERIDAN," 273,507,846 "," 117,493,080 "," 21,465,245 "," 412,466,171 "," 377,841,279 ",9%,25.00,11.00,36.00
2807000,GREENE,GREENE COUNTY TECH," 269,929,847 "," 90,099,359 "," 25,241,048 "," 385,270,254 "," 360,619,150 ",7%,25.00,12.49,37.49
2803000,GREENE,MARMADUKE," 37,925,980 "," 18,917,590 "," 10,100,805 "," 66,944,375 "," 63,392,465 ",6%,30.00,4.10,34.10
2808000,GREENE,PARAGOULD," 216,086,000 "," 96,340,195 "," 10,447,190 "," 322,873,385 "," 302,195,164 ",7%,25.00,12.62,37.62
2901000,HEMPSTEAD,BLEVINS," 23,273,523 "," 9,382,075 "," 9,819,200 "," 42,474,798 "," 39,208,897 ",8%,25.00,6.30,31.30
2903000,HEMPSTEAD,HOPE," 116,455,522 "," 64,645,741 "," 35,333,710 "," 216,434,973 "," 203,270,455 ",6%,25.00,9.70,34.70
2906000,HEMPSTEAD,SPRING HILL," 13,083,077 "," 5,307,260 "," 3,487,150 "," 21,877,487 "," 20,389,405 ",7%,25.00,16.80,41.80
3001000,HOT SPRING,BISMARCK," 54,820,944 "," 21,162,780 "," 9,632,941 "," 85,616,665 "," 80,820,246 ",6%,25.00,16.00,41.00
3002000,HOT SPRING,GLEN ROSE," 44,140,309 "," 24,006,940 "," 9,458,631 "," 77,605,880 "," 70,508,311 ",10%,25.00,13.20,38.20
3003000,HOT SPRING,MAGNET COVE ," 35,684,291 "," 28,795,993 "," 20,061,946 "," 84,542,230 "," 78,215,494 ",8%,25.00,22.78,47.78
3004000,HOT SPRING,MALVERN," 135,179,537 "," 59,444,956 "," 79,913,709 "," 274,538,202 "," 259,275,032 ",6%,26.00,15.14,41.14
3005000,HOT SPRING,OUACHITA," 16,093,702 "," 7,066,617 "," 9,801,339 "," 32,961,658 "," 30,561,279 ",8%,25.00,15.80,40.80
3102000,HOWARD,DIERKS," 22,887,091 "," 13,561,275 "," 7,097,760 "," 43,546,126 "," 41,391,180 ",5%,32.00,11.00,43.00
3104000,HOWARD,MINERAL SPRINGS," 24,676,538 "," 8,226,265 "," 157,777,290 "," 190,680,093 "," 192,779,053 ",-1%,25.00,9.00,34.00
3105000,HOWARD,NASHVILLE," 96,520,313 "," 62,638,160 "," 20,223,310 "," 179,381,783 "," 166,799,793 ",8%,25.00,6.70,31.70
3201000,INDEPENDENCE,BATESVILLE," 213,243,554 "," 102,374,265 "," 18,569,918 "," 334,187,737 "," 312,959,400 ",7%,28.90,9.85,38.75
3212000,INDEPENDENCE,CEDAR RIDGE," 50,453,880 "," 32,120,428 "," 104,556,865 "," 187,131,173 "," 177,262,025 ",6%,34.90,3.30,38.20
3211000,INDEPENDENCE,MIDLAND," 31,048,851 "," 21,780,189 "," 3,329,458 "," 56,158,498 "," 54,918,079 ",2%,28.00,10.30,38.30
3209000,INDEPENDENCE,SOUTHSIDE (INDEPENDENCE)," 56,095,276 "," 25,748,148 "," 2,893,018 "," 84,736,442 "," 80,049,560 ",6%,25.00,20.00,45.00
3301000,IZARD,CALICO ROCK," 30,335,992 "," 8,361,940 "," 4,468,080 "," 43,166,012 "," 42,223,007 ",2%,25.00,17.30,42.30
3306000,IZARD,IZARD COUNTY CONSOLIDATED," 46,868,304 "," 11,740,960 "," 5,519,270 "," 64,128,534 "," 63,279,224 ",1%,25.00,11.00,36.00
3302000,IZARD,MELBOURNE," 61,694,772 "," 23,903,370 "," 9,483,685 "," 95,081,827 "," 97,593,113 ",-3%,25.12,13.10,38.22
3405000,JACKSON,JACKSON CO," 49,793,652 "," 21,222,190 "," 21,611,835 "," 92,627,677 "," 87,217,116 ",6%,26.50,9.50,36.00
3403000,JACKSON,NEWPORT," 98,587,890 "," 62,061,732 "," 29,805,680 "," 190,455,302 "," 184,548,458 ",3%,25.00,12.00,37.00
3502000,JEFFERSON,DOLLARWAY," 76,453,672 "," 45,826,530 "," 20,789,070 "," 143,069,272 "," 139,226,192 ",3%,25.00,15.80,40.80
3505000,JEFFERSON,PINE BLUFF," 232,233,564 "," 143,325,290 "," 45,747,180 "," 421,306,034 "," 409,003,620 ",3%,27.00,14.70,41.70
3509000,JEFFERSON,WATSON CHAPEL," 85,268,725 "," 36,144,190 "," 12,795,580 "," 134,208,495 "," 127,546,045 ",5%,28.10,11.70,39.80
3510000,JEFFERSON,WHITE HALL," 161,090,183 "," 87,024,630 "," 127,492,610 "," 375,607,423 "," 362,139,056 ",4%,25.00,17.10,42.10
3601000,JOHNSON,CLARKSVILLE," 139,203,834 "," 80,380,485 "," 16,583,688 "," 236,168,007 "," 225,849,732 ",5%,25.00,14.30,39.30
3604000,JOHNSON,LAMAR," 62,922,656 "," 22,325,705 "," 13,734,619 "," 98,982,980 "," 94,301,522 ",5%,25.00,14.98,39.98
3606000,JOHNSON,WESTSIDE (JOHNSON)," 27,685,113 "," 9,645,275 "," 12,514,282 "," 49,844,670 "," 46,861,114 ",6%,25.00,12.00,37.00
3704000,LAFAYETTE,LAFAYETTE COUNTY," 48,075,200 "," 18,054,053 "," 17,111,701 "," 83,240,954 "," 75,667,417 ",10%,26.70,6.10,32.80
3809000,LAWRENCE,HILLCREST," 37,748,524 "," 14,238,056 "," 5,772,380 "," 57,758,960 "," 53,177,272 ",9%,25.00,10.90,35.90
3804000,LAWRENCE,HOXIE," 33,405,559 "," 14,759,125 "," 15,961,185 "," 64,125,869 "," 60,271,277 ",6%,25.00,9.00,34.00
3810000,LAWRENCE,LAWRENCE COUNTY," 72,448,735 "," 29,899,835 "," 23,066,295 "," 125,414,865 "," 118,475,993 ",6%,27.50,7.80,35.30
3806000,LAWRENCE,SLOAN-HENDRIX," 33,916,058 "," 13,618,275 "," 9,334,647 "," 56,868,980 "," 53,219,568 ",7%,25.00,11.93,36.93
3904000,LEE,LEE COUNTY," 91,551,875 "," 31,881,020 "," 32,235,760 "," 155,668,655 "," 153,336,898 ",2%,27.00,1.30,28.30
4003000,LINCOLN,STAR CITY," 73,955,115 "," 36,956,325 "," 13,559,157 "," 124,470,597 "," 118,211,610 ",5%,25.00,12.00,37.00
4101000,LITTLE RIVER,ASHDOWN," 80,482,457 "," 138,728,550 "," 27,578,215 "," 246,789,222 "," 235,377,582 ",5%,25.00,10.70,35.70
4102000,LITTLE RIVER,FOREMAN," 25,372,308 "," 10,592,915 "," 6,333,795 "," 42,299,018 "," 38,132,319 ",11%,28.00,16.00,44.00
4201000,LOGAN,BOONEVILLE," 65,443,461 "," 26,607,520 "," 13,363,010 "," 105,413,991 "," 99,722,640 ",6%,25.00,15.20,40.20
4202000,LOGAN,MAGAZINE," 20,701,758 "," 8,721,670 "," 9,464,965 "," 38,888,393 "," 35,802,628 ",9%,25.00,14.00,39.00
4203000,LOGAN,PARIS," 63,686,252 "," 22,655,735 "," 10,664,665 "," 97,006,652 "," 93,731,105 ",3%,25.00,13.00,38.00
4204000,LOGAN,SCRANTON," 25,689,003 "," 17,513,200 "," 3,912,465 "," 47,114,668 "," 45,671,358 ",3%,25.00,13.00,38.00
4304000,LONOKE,CABOT," 667,038,697 "," 188,436,765 "," 45,363,890 "," 900,839,352 "," 847,770,970 ",6%,25.00,14.50,39.50
4303000,LONOKE,CARLISLE," 56,251,820 "," 20,163,045 "," 9,249,455 "," 85,664,320 "," 80,411,818 ",7%,25.00,17.00,42.00
4302000,LONOKE,ENGLAND," 43,145,885 "," 15,467,980 "," 8,534,725 "," 67,148,590 "," 63,213,020 ",6%,27.00,19.00,46.00
4301000,LONOKE,LONOKE," 103,744,896 "," 35,981,515 "," 11,925,960 "," 151,652,371 "," 141,804,535 ",7%,25.16,20.09,45.25
4401000,MADISON,HUNTSVILLE," 160,729,580 "," 60,529,183 "," 29,562,078 "," 250,820,841 "," 233,822,859 ",7%,25.00,11.00,36.00
4501000,MARION,FLIPPIN," 98,219,142 "," 26,352,645 "," 7,451,010 "," 132,022,797 "," 127,324,032 ",4%,30.80,5.60,36.40
4502000,MARION,YELLVILLE-SUMMIT," 60,644,516 "," 24,113,080 "," 6,087,140 "," 90,844,736 "," 84,440,757 ",8%,25.00,11.98,36.98
4603000,MILLER,FOUKE," 45,717,854 "," 30,344,476 "," 11,994,640 "," 88,056,970 "," 83,108,851 ",6%,25.10,23.90,49.00
4602000,MILLER,GENOA CENTRAL," 40,735,611 "," 18,217,915 "," 4,967,720 "," 63,921,246 "," 59,335,335 ",8%,25.00,22.00,47.00
4605000,MILLER,TEXARKANA," 331,344,029 "," 155,470,395 "," 54,934,170 "," 541,748,594 "," 499,834,491 ",8%,25.00,13.90,38.90
4701000,MISSISSIPPI,ARMOREL," 36,933,905 "," 110,750,595 "," 5,376,125 "," 153,060,625 "," 157,052,165 ",-3%,27.00,12.00,39.00
4702000,MISSISSIPPI,BLYTHEVILLE," 122,301,534 "," 53,966,455 "," 22,820,400 "," 199,088,389 "," 198,034,630 ",1%,27.50,13.00,40.50
4708000,MISSISSIPPI,GOSNELL," 34,935,006 "," 15,956,225 "," 17,082,595 "," 67,973,826 "," 67,419,869 ",1%,35.00,0.00,35.00
4712000,MISSISSIPPI,MANILA," 54,925,901 "," 23,374,850 "," 6,311,210 "," 84,611,961 "," 84,102,895 ",1%,25.00,16.40,41.40
4713000,MISSISSIPPI,OSCEOLA," 48,584,880 "," 77,948,055 "," 31,383,095 "," 157,916,030 "," 157,862,731 ",0%,25.00,14.70,39.70
4706000,MISSISSIPPI,RIVERCREST," 67,592,470 "," 36,663,255 "," 19,764,235 "," 124,019,960 "," 123,493,343 ",0%,26.60,14.20,40.80
4801000,MONROE,BRINKLEY," 46,225,652 "," 21,993,840 "," 17,709,655 "," 85,929,147 "," 82,216,596 ",5%,25.00,10.90,35.90
4802000,MONROE,CLARENDON," 45,387,703 "," 17,258,465 "," 12,184,200 "," 74,830,368 "," 69,360,875 ",8%,25.00,14.40,39.40
4901000,MONTGOMERY,CADDO HILLS," 25,310,903 "," 12,432,960 "," 3,321,145 "," 41,065,008 "," 39,165,913 ",5%,25.00,8.70,33.70
4902000,MONTGOMERY,MOUNT IDA," 67,310,120 "," 19,393,722 "," 4,506,379 "," 91,210,221 "," 86,854,741 ",5%,25.00,9.00,34.00
5008000,NEVADA,NEVADA," 22,141,763 "," 7,254,405 "," 8,819,800 "," 38,215,968 "," 36,276,898 ",5%,25.00,9.80,34.80
5006000,NEVADA,PRESCOTT," 34,115,169 "," 23,538,120 "," 12,984,275 "," 70,637,564 "," 71,042,716 ",-1%,25.00,16.00,41.00
5106000,NEWTON,DEER/MT JUDEA," 20,695,227 "," 6,130,410 "," 3,953,552 "," 30,779,189 "," 29,001,178 ",6%,25.00,8.00,33.00
5102000,NEWTON,JASPER," 57,317,882 "," 16,465,675 "," 11,540,444 "," 85,324,001 "," 73,487,782 ",16%,25.00,11.80,36.80
5201000,OUACHITA,BEARDEN," 20,031,122 "," 12,650,515 "," 11,852,015 "," 44,533,652 "," 41,441,335 ",7%,25.00,9.90,34.90
5204000,OUACHITA,CAMDEN FAIRVIEW," 124,852,090 "," 51,683,265 "," 35,507,440 "," 212,042,795 "," 202,602,775 ",5%,25.00,9.00,34.00
5205000,OUACHITA,HARMONY GROVE (OUACHITA)," 34,588,341 "," 17,259,780 "," 8,902,855 "," 60,750,976 "," 58,547,282 ",4%,25.00,20.80,45.80
5301000,PERRY,EAST END," 36,301,804 "," 13,707,310 "," 4,262,630 "," 54,271,744 "," 49,471,702 ",10%,25.00,15.40,40.40
5303000,PERRY,PERRYVILLE," 45,315,258 "," 15,372,850 "," 7,004,980 "," 67,693,088 "," 62,055,718 ",9%,25.00,12.68,37.68
5401000,PHILLIPS,BARTON," 30,881,242 "," 10,142,750 "," 8,139,088 "," 49,163,080 "," 47,505,932 ",3%,25.00,16.50,41.50
5403000,PHILLIPS,HELENA / WEST HELENA," 70,779,233 "," 33,393,605 "," 22,497,408 "," 126,670,246 "," 152,148,981 ",-17%,25.00,18.85,43.85
5404000,PHILLIPS,MARVELL-ELAINE," 64,784,463 "," 16,032,890 "," 7,604,927 "," 88,422,280 "," 84,759,087 ",4%,25.00,8.00,33.00
5502000,PIKE,CENTERPOINT," 48,883,012 "," 23,581,721 "," 7,795,710 "," 80,260,443 "," 73,821,303 ",9%,25.00,13.50,38.50
5503000,PIKE,KIRBY," 28,690,882 "," 12,245,875 "," 4,903,385 "," 45,840,142 "," 41,838,848 ",10%,26.00,15.00,41.00
5504000,PIKE,SOUTH PIKE COUNTY," 53,356,456 "," 19,520,530 "," 8,387,375 "," 81,264,361 "," 75,036,491 ",8%,31.50,9.50,41.00
5608000,POINSETT,EAST POINSETT CO ," 28,003,964 "," 11,094,075 "," 8,478,125 "," 47,576,164 "," 45,242,744 ",5%,25.00,10.20,35.20
5602000,POINSETT,HARRISBURG," 90,489,849 "," 37,561,265 "," 19,821,145 "," 147,872,259 "," 137,097,967 ",8%,25.00,16.00,41.00
5604000,POINSETT,MARKED TREE," 31,511,296 "," 11,556,900 "," 7,996,490 "," 51,064,686 "," 47,855,341 ",7%,25.00,14.50,39.50
5605000,POINSETT,TRUMANN," 82,074,627 "," 32,210,765 "," 10,650,435 "," 124,935,827 "," 115,669,431 ",8%,25.00,13.60,38.60
5707000,POLK,COSSATOT RIVER," 39,803,071 "," 20,269,735 "," 20,828,230 "," 80,901,036 "," 74,583,283 ",8%,25.00,19.00,44.00
5703000,POLK,MENA," 121,340,640 "," 47,659,639 "," 21,952,010 "," 190,952,289 "," 180,483,325 ",6%,25.00,10.90,35.90
5706000,POLK,OUACHITA RIVER," 40,432,146 "," 13,915,815 "," 8,649,535 "," 62,997,496 "," 59,670,896 ",6%,25.00,6.30,31.30
5801000,POPE,ATKINS," 55,521,829 "," 21,313,800 "," 8,808,465 "," 85,644,094 "," 79,070,677 ",8%,25.00,18.40,43.40
5802000,POPE,DOVER," 77,872,917 "," 28,318,760 "," 7,149,508 "," 113,341,185 "," 105,771,152 ",7%,25.00,18.50,43.50
5803000,POPE,HECTOR," 28,890,501 "," 13,053,425 "," 7,541,995 "," 49,485,921 "," 46,585,758 ",6%,25.00,19.50,44.50
5804000,POPE,POTTSVILLE," 74,966,531 "," 36,421,195 "," 4,889,765 "," 116,277,491 "," 109,358,169 ",6%,25.00,20.20,45.20
5805000,POPE,RUSSELLVILLE," 487,076,640 "," 201,434,440 "," 495,606,880 "," 1,184,117,960 "," 1,119,938,920 ",6%,28.20,12.60,40.80
5901000,PRAIRIE,DES ARC," 38,049,005 "," 16,412,150 "," 9,459,010 "," 63,920,165 "," 60,402,744 ",6%,25.00,10.80,35.80
5903000,PRAIRIE,HAZEN," 62,432,075 "," 27,271,360 "," 9,678,970 "," 99,382,405 "," 93,571,846 ",6%,26.43,7.40,33.83
6004000,PULASKI,JACKSONVILLE NORTH PULASKI," 337,924,155 "," 105,826,930 "," 40,007,440 "," 483,758,525 "," 446,603,772 ",8%,25.90,22.40,48.30
6001000,PULASKI,LITTLE ROCK," 3,276,745,893 "," 902,831,065 "," 270,278,435 "," 4,449,855,393 "," 4,122,863,684 ",8%,34.00,12.40,46.40
6002000,PULASKI,NORTH LITTLE ROCK," 664,899,583 "," 186,019,235 "," 71,331,795 "," 922,250,613 "," 852,328,680 ",8%,25.00,23.30,48.30
6003000,PULASKI,PULASKI COUNTY SPECIAL," 2,630,046,679 "," 758,808,700 "," 120,743,796 "," 3,509,599,175 "," 3,097,272,206 ",13%,25.90,14.80,40.70
6102000,RANDOLPH,MAYNARD," 32,516,174 "," 11,280,304 "," 2,921,012 "," 46,717,490 "," 45,449,678 ",3%,25.00,9.70,34.70
6103000,RANDOLPH,POCAHONTAS," 123,700,474 "," 59,348,082 "," 15,977,719 "," 199,026,275 "," 191,917,791 ",4%,25.00,7.81,32.81
6301000,SALINE,BAUXITE," 73,339,030 "," 29,603,065 "," 6,530,590 "," 109,472,685 "," 97,022,670 ",13%,25.00,13.60,38.60
6302000,SALINE,BENTON," 433,343,740 "," 124,857,917 "," 21,642,487 "," 579,844,144 "," 523,601,423 ",11%,25.00,16.90,41.90
6303000,SALINE,BRYANT," 853,680,496 "," 246,672,395 "," 32,740,355 "," 1,133,093,246 "," 1,003,795,988 ",13%,25.00,15.60,40.60
6304000,SALINE,HARMONY GROVE(SALINE)," 56,585,724 "," 23,093,540 "," 5,405,060 "," 85,084,324 "," 76,649,689 ",11%,25.00,19.50,44.50
6401000,SCOTT,WALDRON," 59,987,165 "," 25,666,410 "," 9,330,495 "," 94,984,070 "," 90,502,480 ",5%,25.00,10.60,35.60
6505000,SEARCY,OZARK MOUNTAIN," 50,802,627 "," 14,566,260 "," 6,794,810 "," 72,163,697 "," 66,822,398 ",8%,25.00,11.50,36.50
6502000,SEARCY,SEARCY COUNTY," 59,016,320 "," 20,357,400 "," 7,505,445 "," 86,879,165 "," 80,037,233 ",9%,25.00,11.55,36.55
6601000,SEBASTIAN,FORT SMITH," 1,146,949,013 "," 444,572,450 "," 116,658,898 "," 1,708,180,361 "," 1,643,551,362 ",4%,25.00,17.058,42.058
6602000,SEBASTIAN,GREENWOOD," 318,671,370 "," 130,009,385 "," 18,727,890 "," 467,408,645 "," 443,565,470 ",5%,25.00,15.60,40.60
6603000,SEBASTIAN,HACKETT," 47,240,963 "," 18,373,110 "," 15,398,950 "," 81,013,023 "," 75,210,995 ",8%,25.00,13.00,38.00
6605000,SEBASTIAN,LAVACA," 52,060,368 "," 17,977,820 "," 8,936,035 "," 78,974,223 "," 75,321,763 ",5%,25.00,16.90,41.90
6606000,SEBASTIAN,MANSFIELD," 46,770,930 "," 23,017,855 "," 13,084,385 "," 82,873,170 "," 78,599,830 ",5%,25.00,15.01,40.01
6701000,SEVIER,DEQUEEN," 94,248,722 "," 47,878,815 "," 26,716,940 "," 168,844,477 "," 159,832,342 ",6%,25.00,7.20,32.20
6703000,SEVIER,HORATIO," 27,917,295 "," 11,096,960 "," 8,712,800 "," 47,727,055 "," 46,179,246 ",3%,25.00,19.00,44.00
6802000,SHARP,CAVE CITY," 65,578,233 "," 23,304,863 "," 5,977,049 "," 94,860,145 "," 89,644,480 ",6%,25.00,14.00,39.00
6804000,SHARP,HIGHLAND," 149,791,435 "," 35,290,615 "," 18,852,120 "," 203,934,170 "," 190,874,794 ",7%,25.00,5.00,30.00
6201000,ST FRANCIS,FORREST CITY," 130,903,758 "," 58,913,035 "," 43,982,660 "," 233,799,453 "," 221,395,965 ",6%,25.00,7.60,32.60
6205000,ST FRANCIS,PALESTINE-WHEATLEY," 28,721,338 "," 10,063,600 "," 13,684,545 "," 52,469,483 "," 50,321,213 ",4%,25.00,11.80,36.80
6901000,STONE,MOUNTAIN VIEW," 140,618,667 "," 37,050,585 "," 12,473,815 "," 190,143,067 "," 179,226,324 ",6%,28.91,0.00,28.91
7001000,UNION,EL DORADO," 311,720,150 "," 191,402,542 "," 202,305,850 "," 705,428,542 "," 677,639,528 ",4%,26.90,6.60,33.50
7003000,UNION,JUNCTION CITY," 29,144,429 "," 30,254,048 "," 8,226,250 "," 67,624,727 "," 66,363,905 ",2%,25.00,15.90,40.90
7007000,UNION,PARKERS CHAPEL ," 29,710,754 "," 38,719,007 "," 1,933,780 "," 70,363,541 "," 71,844,465 ",-2%,25.00,14.80,39.80
7008000,UNION,SMACKOVER-NORPHLET," 61,393,821 "," 44,650,297 "," 16,078,160 "," 122,122,278 "," 122,548,136 ",0%,25.00,16.00,41.00
7009000,UNION,STRONG-HUTTIG," 28,042,644 "," 17,761,621 "," 5,641,700 "," 51,445,965 "," 47,267,925 ",9%,25.70,13.30,39.00
7102000,VAN BUREN,CLINTON," 112,397,094 "," 51,614,820 "," 15,100,915 "," 179,112,829 "," 175,096,068 ",2%,25.00,11.80,36.80
7104000,VAN BUREN,SHIRLEY," 63,373,770 "," 17,670,895 "," 4,578,085 "," 85,622,750 "," 80,024,066 ",7%,25.00,10.50,35.50
7105000,VAN BUREN,SOUTH SIDE(VANBUREN)," 58,316,460 "," 33,596,700 "," 13,597,480 "," 105,510,640 "," 101,716,603 ",4%,26.70,11.90,38.60
7201000,WASHINGTON,ELKINS," 69,144,480 "," 18,879,458 "," 10,944,079 "," 98,968,017 "," 92,334,917 ",7%,25.00,19.00,44.00
7202000,WASHINGTON,FARMINGTON," 214,162,065 "," 45,760,345 "," 8,850,726 "," 268,773,136 "," 233,149,757 ",15%,25.00,17.10,42.10
7203000,WASHINGTON,FAYETTEVILLE," 1,895,422,595 "," 323,847,143 "," 109,971,822 "," 2,329,241,560 "," 2,138,270,574 ",9%,25.00,20.65,45.65
7204000,WASHINGTON,GREENLAND," 78,005,554 "," 28,178,398 "," 11,047,959 "," 117,231,911 "," 109,124,848 ",7%,25.00,14.50,39.50
7205000,WASHINGTON,LINCOLN," 71,873,122 "," 22,331,231 "," 8,911,045 "," 103,115,398 "," 96,603,645 ",7%,25.00,17.70,42.70
7206000,WASHINGTON,PRAIRIE GROVE," 177,652,749 "," 44,610,442 "," 12,924,503 "," 235,187,694 "," 212,848,576 ",10%,25.00,17.50,42.50
7207000,WASHINGTON,SPRINGDALE," 1,680,749,111 "," 510,448,399 "," 107,487,061 "," 2,298,684,571 "," 2,108,639,043 ",9%,25.00,15.50,40.50
7208000,WASHINGTON,WEST FORK," 60,040,873 "," 17,581,320 "," 10,617,079 "," 88,239,272 "," 82,441,488 ",7%,25.00,16.60,41.60
7301000,WHITE,BALD KNOB," 56,546,207 "," 24,069,785 "," 35,886,670 "," 116,502,662 "," 113,439,539 ",3%,25.00,13.50,38.50
7302000,WHITE,BEEBE," 192,112,633 "," 63,425,455 "," 30,369,695 "," 285,907,783 "," 266,666,335 ",7%,25.00,11.60,36.60
7303000,WHITE,BRADFORD," 15,734,214 "," 8,906,300 "," 10,078,770 "," 34,719,284 "," 32,294,185 ",8%,25.00,12.00,37.00
7309000,WHITE,PANGBURN," 46,545,611 "," 25,921,624 "," 5,399,923 "," 77,867,158 "," 72,318,896 ",8%,25.00,16.40,41.40
7307000,WHITE,RIVERVIEW," 77,075,964 "," 25,678,925 "," 48,720,145 "," 151,475,034 "," 117,696,089 ",29%,27.22,8.78,36.00
7310000,WHITE,ROSE BUD," 44,789,442 "," 24,033,206 "," 18,607,380 "," 87,430,028 "," 83,668,664 ",4%,25.00,14.30,39.30
7311000,WHITE,SEARCY," 437,676,530 "," 161,991,202 "," 40,366,385 "," 640,034,117 "," 605,962,520 ",6%,25.00,10.70,35.70
7304000,WHITE,WHITE CO CENTRAL ," 34,398,266 "," 19,147,130 "," 5,632,925 "," 59,178,321 "," 55,965,063 ",6%,25.00,15.10,40.10
7401000,WOODRUFF,AUGUSTA," 44,282,539 "," 11,772,794 "," 23,016,275 "," 79,071,608 "," 76,903,693 ",3%,25.00,10.70,35.70
7403000,WOODRUFF,MCCRORY," 35,735,424 "," 14,321,555 "," 23,005,390 "," 73,062,369 "," 73,043,248 ",0%,25.00,10.70,35.70
7503000,YELL,DANVILLE," 30,255,830 "," 16,131,560 "," 6,698,890 "," 53,086,280 "," 50,164,373 ",6%,25.00,9.50,34.50
7504000,YELL,DARDANELLE," 90,864,274 "," 32,910,800 "," 6,808,685 "," 130,583,759 "," 123,358,026 ",6%,25.00,15.20,40.20
7510000,YELL,TWO RIVERS," 49,199,854 "," 30,037,030 "," 9,433,000 "," 88,669,884 "," 84,259,360 ",5%,25.00,10.60,35.60
7509000,YELL,WESTERN YELL CO ," 21,860,598 "," 8,705,075 "," 4,923,925 "," 35,489,598 "," 33,653,792 ",5%,25.00,13.80,38.80
